[
  {
    "id": "e41f5687-8a30-48b5-9dcb-6e81445cab00",
    "timestamp": 1765542215.9291868,
    "kind": "target_sell_1.0",
    "symbol": "BTC-USDT",
    "price": 92276.6,
    "portion": 0.3,
    "result": {
      "simulated": true,
      "clientOid": "903593d4-8566-4c59-9706-3f826588b25a",
      "side": "sell",
      "symbol": "BTC-USDT",
      "funds": null,
      "size": "0.0003",
      "timestamp": 1765542215929
    },
    "dry_run": true
  },
  {
    "id": "02b5623c-01fd-42e9-8be2-7714d5c533d4",
    "timestamp": 1765542215.9299889,
    "kind": "target_sell_3.0",
    "symbol": "BTC-USDT",
    "price": 92276.6,
    "portion": 0.5,
    "result": {
      "simulated": true,
      "clientOid": "6ca0757a-1e32-48fa-81a0-7fcfde673eb4",
      "side": "sell",
      "symbol": "BTC-USDT",
      "funds": null,
      "size": "0.0005",
      "timestamp": 1765542215929
    },
    "dry_run": true
  },
  {
    "id": "a9a3701e-c283-4450-9187-1a13f6c854b1",
    "symbol": "BTC-USDT",
    "mode": "sell",
    "entry_price": 88000.0,
    "targets": [
      [
        1.0,
        0.3
      ],
      [
        3.0,
        0.5
      ],
      [
        5.0,
        0.2
      ]
    ],
    "trailing_stop_pct": 1.0,
    "stop_loss_pct": -2.0,
    "size": 0.001,
    "funds": null,
    "start_ts": 1765542215.258265,
    "end_ts": 1765542215.9306626,
    "executed_parts": [
      1.0,
      3.0
    ],
    "remaining_fraction": 0.0,
    "dry_run": true
  },
  {
    "id": "e3b3a13b",
    "symbol": "BTC-USDT",
    "entry_price": 88000.0,
    "mode": "sell",
    "targets": [
      [
        1.0,
        0.3
      ],
      [
        3.0,
        0.5
      ],
      [
        5.0,
        0.2
      ]
    ],
    "start_ts": 1765626397.6344767,
    "end_ts": 1765626412.6394885,
    "executed_trades": [
      {
        "timestamp": 1765626402.6378207,
        "kind": "target_sell_1.0%",
        "price": 89466.78,
        "portion": 0.3,
        "profit_usdt": 0.44,
        "simulated": true
      },
      {
        "timestamp": 1765626407.638385,
        "kind": "target_sell_3.0%",
        "price": 90934.36,
        "portion": 0.5,
        "profit_usdt": 1.47,
        "simulated": true
      },
      {
        "timestamp": 1765626412.6391559,
        "kind": "target_sell_5.0%",
        "price": 92401.2,
        "portion": 0.2,
        "profit_usdt": 0.88,
        "simulated": true
      }
    ],
    "total_profit": 2.79,
    "total_executed_portion": 1.0,
    "dry_run": true,
    "final_status": "completed"
  },
  {
    "id": "8d370130",
    "symbol": "BTC-USDT",
    "entry_price": 88000.0,
    "mode": "sell",
    "targets": [
      [
        1.0,
        0.3
      ],
      [
        3.0,
        0.5
      ],
      [
        5.0,
        0.2
      ]
    ],
    "start_ts": 1765626460.0327694,
    "end_ts": 1765626475.0430486,
    "executed_trades": [
      {
        "timestamp": 1765626465.0384443,
        "kind": "target_sell_1.0%",
        "price": 89467.68,
        "portion": 0.3,
        "profit_usdt": 0.44,
        "simulated": true
      },
      {
        "timestamp": 1765626470.0402296,
        "kind": "target_sell_3.0%",
        "price": 90935.18,
        "portion": 0.5,
        "profit_usdt": 1.47,
        "simulated": true
      },
      {
        "timestamp": 1765626475.0417871,
        "kind": "target_sell_5.0%",
        "price": 92402.44,
        "portion": 0.2,
        "profit_usdt": 0.88,
        "simulated": true
      }
    ],
    "total_profit": 2.79,
    "total_executed_portion": 1.0,
    "dry_run": true,
    "final_status": "completed"
  },
  {
    "id": "3a8b3c33",
    "symbol": "BTC-USDT",
    "entry_price": 88000.0,
    "mode": "sell",
    "targets": [
      [
        1.0,
        0.3
      ],
      [
        3.0,
        0.5
      ],
      [
        5.0,
        0.2
      ]
    ],
    "start_ts": 1765627159.9014359,
    "end_ts": 1765627174.9043798,
    "executed_trades": [
      {
        "timestamp": 1765627164.9029167,
        "kind": "target_sell_1.0%",
        "price": 89466.81,
        "portion": 0.3,
        "profit_usdt": 0.44,
        "simulated": true
      },
      {
        "timestamp": 1765627169.9036312,
        "kind": "target_sell_3.0%",
        "price": 90933.87,
        "portion": 0.5,
        "profit_usdt": 1.47,
        "simulated": true
      },
      {
        "timestamp": 1765627174.904149,
        "kind": "target_sell_5.0%",
        "price": 92400.7,
        "portion": 0.2,
        "profit_usdt": 0.88,
        "simulated": true
      }
    ],
    "total_profit": 2.79,
    "total_executed_portion": 1.0,
    "dry_run": true,
    "final_status": "completed"
  },
  {
    "id": "bbd27918",
    "symbol": "BTC-USDT",
    "entry_price": 88000.0,
    "mode": "sell",
    "targets": [
      [
        1.0,
        0.3
      ],
      [
        3.0,
        0.5
      ],
      [
        5.0,
        0.2
      ]
    ],
    "start_ts": 1765627408.8254151,
    "end_ts": 1765627423.8274632,
    "executed_trades": [
      {
        "timestamp": 1765627413.8262312,
        "kind": "target_sell_1.0%",
        "price": 89466.78,
        "portion": 0.3,
        "profit_usdt": 0.44,
        "simulated": true
      },
      {
        "timestamp": 1765627418.8267431,
        "kind": "target_sell_3.0%",
        "price": 90933.62,
        "portion": 0.5,
        "profit_usdt": 1.47,
        "simulated": true
      },
      {
        "timestamp": 1765627423.8272886,
        "kind": "target_sell_5.0%",
        "price": 92400.45,
        "portion": 0.2,
        "profit_usdt": 0.88,
        "simulated": true
      }
    ],
    "total_profit": 2.79,
    "total_executed_portion": 1.0,
    "dry_run": true,
    "final_status": "completed"
  },
  {
    "id": "b46a85c6",
    "symbol": "BTC-USDT",
    "mode": "sell",
    "targets": [
      [
        1.0,
        0.3
      ],
      [
        3.0,
        0.5
      ],
      [
        5.0,
        0.2
      ]
    ],
    "auto_restart": false,
    "total_cycles_completed": 1,
    "cycles_history": [],
    "total_profit": 2.79,
    "dry_run": true,
    "final_status": "completed",
    "end_ts": 1765634564.9479992
  },
  {
    "id": "0ae305b6",
    "symbol": "BTC-USDT",
    "mode": "sell",
    "targets": [
      [
        1.0,
        0.3
      ],
      [
        3.0,
        0.5
      ],
      [
        5.0,
        0.2
      ]
    ],
    "auto_restart": false,
    "total_cycles_completed": 1,
    "cycles_history": [],
    "total_profit": 2.79,
    "dry_run": true,
    "final_status": "completed",
    "end_ts": 1765634580.466733
  },
  {
    "id": "ed86fd98",
    "symbol": "BTC-USDT",
    "mode": "sell",
    "targets": [
      [
        1.0,
        0.3
      ],
      [
        3.0,
        0.5
      ],
      [
        5.0,
        0.2
      ]
    ],
    "auto_restart": true,
    "total_cycles_completed": 2,
    "cycles_history": [
      {
        "cycle_number": 1,
        "trades": [
          {
            "timestamp": 1765634788.4860177,
            "cycle": 1,
            "kind": "target_sell_1.0%",
            "price": 89466.84,
            "portion": 0.3,
            "profit_usdt": 0.44,
            "simulated": true,
            "mode": "SIMULATION"
          },
          {
            "timestamp": 1765634793.4877954,
            "cycle": 1,
            "kind": "target_sell_3.0%",
            "price": 90933.81,
            "portion": 0.5,
            "profit_usdt": 1.47,
            "simulated": true,
            "mode": "SIMULATION"
          },
          {
            "timestamp": 1765634798.4890206,
            "cycle": 1,
            "kind": "target_sell_5.0%",
            "price": 92401.16,
            "portion": 0.2,
            "profit_usdt": 0.88,
            "simulated": true,
            "mode": "SIMULATION"
          }
        ],
        "total_profit": 2.79,
        "start_ts": 1765634783.4846427,
        "end_ts": 1765634803.489603,
        "duration": 20.0
      }
    ],
    "total_profit": 5.71,
    "dry_run": true,
    "final_status": "completed",
    "end_ts": 1765634818.4967675
  },
  {
    "id": "9c3962bc",
    "symbol": "BTC-USDT",
    "mode": "sell",
    "targets": [
      [
        1.0,
        0.3
      ],
      [
        3.0,
        0.5
      ],
      [
        5.0,
        0.2
      ]
    ],
    "auto_restart": true,
    "total_cycles_completed": 2,
    "cycles_history": [
      {
        "cycle_number": 1,
        "trades": [
          {
            "timestamp": 1765635101.687847,
            "cycle": 1,
            "kind": "target_sell_1.0%",
            "price": 89466.8,
            "portion": 0.3,
            "profit_usdt": 0.44,
            "simulated": true,
            "mode": "SIMULATION"
          },
          {
            "timestamp": 1765635106.6884198,
            "cycle": 1,
            "kind": "target_sell_3.0%",
            "price": 90933.71,
            "portion": 0.5,
            "profit_usdt": 1.47,
            "simulated": true,
            "mode": "SIMULATION"
          },
          {
            "timestamp": 1765635111.689588,
            "cycle": 1,
            "kind": "target_sell_5.0%",
            "price": 92400.53,
            "portion": 0.2,
            "profit_usdt": 0.88,
            "simulated": true,
            "mode": "SIMULATION"
          }
        ],
        "total_profit": 2.79,
        "start_ts": 1765635096.686811,
        "end_ts": 1765635116.6924636,
        "duration": 20.0
      }
    ],
    "total_profit": 5.71,
    "dry_run": true,
    "final_status": "completed",
    "end_ts": 1765635131.6964526
  },
  {
    "id": "3745d92f",
    "symbol": "BTC-USDT",
    "mode": "sell",
    "targets": [
      [
        1.0,
        0.3
      ],
      [
        3.0,
        0.5
      ],
      [
        5.0,
        0.2
      ]
    ],
    "auto_restart": true,
    "total_cycles_completed": 1,
    "cycles_history": [],
    "total_profit": 2.79,
    "dry_run": true,
    "final_status": "completed",
    "end_ts": 1765635849.8323693
  },
  {
    "id": "8c493a9a",
    "symbol": "BTC-USDT",
    "mode": "sell",
    "targets": [
      [
        1.0,
        0.3
      ],
      [
        3.0,
        0.5
      ],
      [
        5.0,
        0.2
      ]
    ],
    "auto_restart": false,
    "total_cycles_completed": 1,
    "cycles_history": [],
    "total_profit": 2.79,
    "dry_run": true,
    "final_status": "completed",
    "end_ts": 1765636271.2368574
  },
  {
    "id": "df3b24d5",
    "symbol": "BTC-USDT",
    "mode": "sell",
    "targets": [
      [
        1.0,
        0.3
      ],
      [
        3.0,
        0.5
      ],
      [
        5.0,
        0.2
      ]
    ],
    "auto_restart": false,
    "total_cycles_completed": 1,
    "cycles_history": [],
    "total_profit": 2.79,
    "dry_run": true,
    "final_status": "completed",
    "end_ts": 1765636708.2545834
  },
  {
    "id": "b7a1bb87",
    "symbol": "BTC-USDT",
    "mode": "sell",
    "targets": [
      [
        1.0,
        0.3
      ],
      [
        3.0,
        0.5
      ],
      [
        5.0,
        0.2
      ]
    ],
    "auto_restart": false,
    "total_cycles_completed": 1,
    "cycles_history": [],
    "total_profit": 2.79,
    "dry_run": false,
    "final_status": "completed",
    "end_ts": 1765636716.5037637
  },
  {
    "id": "c8cce401",
    "symbol": "BTC-USDT",
    "mode": "sell",
    "targets": [
      [
        1.0,
        0.3
      ],
      [
        3.0,
        0.5
      ],
      [
        5.0,
        0.2
      ]
    ],
    "auto_restart": false,
    "total_cycles_completed": 1,
    "cycles_history": [],
    "total_profit": 2.79,
    "dry_run": true,
    "final_status": "completed",
    "end_ts": 1765642701.8422456
  },
  {
    "id": "851fc1b7",
    "symbol": "BTC-USDT",
    "mode": "sell",
    "targets": [
      [
        1.0,
        0.3
      ],
      [
        3.0,
        0.5
      ],
      [
        5.0,
        0.2
      ]
    ],
    "auto_restart": false,
    "total_cycles_completed": 1,
    "cycles_history": [],
    "total_profit": 2.79,
    "dry_run": true,
    "final_status": "completed",
    "end_ts": 1765642727.4224432
  },
  {
    "id": "c06a675f",
    "symbol": "BTC-USDT",
    "mode": "sell",
    "targets": [
      [
        1.0,
        0.3
      ],
      [
        3.0,
        0.5
      ],
      [
        5.0,
        0.2
      ]
    ],
    "auto_restart": true,
    "total_cycles_completed": 1,
    "cycles_history": [],
    "total_profit": 2.79,
    "dry_run": true,
    "final_status": "completed",
    "end_ts": 1765653736.356718
  },
  {
    "id": "66e2212f",
    "symbol": "BTC-USDT",
    "mode": "sell",
    "targets": [
      [
        1.0,
        0.3
      ],
      [
        3.0,
        0.5
      ],
      [
        5.0,
        0.2
      ]
    ],
    "auto_restart": true,
    "total_cycles_completed": 1,
    "cycles_history": [],
    "total_profit": 2.79,
    "dry_run": true,
    "final_status": "completed",
    "end_ts": 1765653743.8985152
  }
]